date,platform,status,angle,sub,chars,path,url,text
2026-08-18,x,queued,split,,123,queue/2026-08-18/x.md,,"Role split: you bring projects and close. I turn them into shipped AI apps. Equity co-founder, not a contractor. REPLACE_ME"
2026-08-17,x,queued,proof,,153,queue/2026-08-17/x.md,,"I already shipped a career-AI pipeline (jobs, resume, interview practice) from idea to running apps. Missing piece: a co-founder who can sell. REPLACE_ME"
2026-08-17,reddit,queued,,cofounder,608,queue/2026-08-17/reddit.md,,"Technical founder (AI, 0-1) looking for a business co-founder with deal flow
I'm a technical founder. I ship AI applications from zero to a working product. What I don't have is business development or marketing.

I'm looking for a business co-founder who already talks to buyers and will bring projects in. You own the relationship and the close. I own scope, build, and shipping. Repeats become a product we both own.

Equity-first (written vest/cliff after a 90-day founder trial). Not a freelance split. Not a free build for your cousin's idea.

If you closed work in the last 90 days and want to partner with someone who can actually land 0-1, that's the conversation.

REPLACE_ME"
2026-08-18,x,published,filter,,109,queue/2026-08-18/x.md,https://x.com/YOU/status/ID,Filter: you can intro a real buyer in 30 days. I can ship the product. Business co-founder search. REPLACE_ME
